순위,제목,게시자
,,
1,2019 건후어 듣기 평가! 건후 옹알이를 듣고 뜻..,슈퍼맨이 돌아왔다
,,
2,"‘마법 성공’ 이승기, 빼로 훈련 성공에 기쁨의 ..",집사부일체
,,
3,세상예쁜 윤아 등장에 ‘어머님들 빠른 태세 전..,미운 우리 새끼
,,
4,박아빠 응원하러간 건나블리 x 고고부자!,슈퍼맨이 돌아왔다
,,
5,"건나블리 손님 맞이, 건후 챙기는 과격한(?) 나..",슈퍼맨이 돌아왔다
,,
6,건후에게 분유 타주는 나은 누나!,슈퍼맨이 돌아왔다
,,
7,윌리엄도 주사? 월벤져스 눈물의 예방접종!,슈퍼맨이 돌아왔다
,,
8,"“기가 막히죠” 이승기, 반려견 자랑에 감출 수 ..",집사부일체
,,
9,"“얘가 왜 이러지” 이승기, 처음 본 빼로의 흥분..",집사부일체
,,
10,개들의·개들에 의한·개들을 위한 ‘개토피아 하..,집사부일체
,,
11,건후 신발 찾기 대소동!,슈퍼맨이 돌아왔다
,,
12,여름이 되면 찾아오는 서비스 ‘모기 박멸 두유..,집사부일체
,,
13,"윤아, 토니맘 흑심 질문에 “토니 오빠 팬이었어..",미운 우리 새끼
,,
14,"‘에너자이저 본능’ 몽글이, 이홍기 지나치며 재..",집사부일체
,,
15,벤틀리 운수 좋은 날! (ft.벤틀리 순대 먹방!),슈퍼맨이 돌아왔다
,,
16,집사부멤버들 감탄 자아내는 강형욱 사부의 ‘스..,집사부일체
,,
17,건후는 축구왕(?),슈퍼맨이 돌아왔다
,,
18,병원 복도에서 도망가는 벤틀리!,슈퍼맨이 돌아왔다
,,
19,[꿀팁] 강형욱에게 배우는 ‘아이와 대형견 함께..,집사부일체
,,
20,월벤져스 지친 마음을 달래줄 보양식!,슈퍼맨이 돌아왔다
,,
21,너희는 아빠의 승리 요정!,슈퍼맨이 돌아왔다
,,
22,용 아빠의 나은이 머리 묶기 첫 도전!,슈퍼맨이 돌아왔다
,,
23,‘지킬 앤 두유(?)’ 크러쉬 반려견 두유의 반전!,집사부일체
,,
24,"육성재, 몽글이 흉내내는 귀요미 (feat. 크러쉬..",집사부일체
,,
25,‘멍 때리는 강아지’ 크러쉬 닮은 반려견 ‘두유’,집사부일체
,,
26,"전소민·송지효, 맘대로 움직이는 사지 ‘뿜뿜 커..",런닝맨
,,
27,개통령 강형욱에 배운다 “산책 중 개들 싸울 때..,집사부일체
,,
28,미션! 벤의 기분을 좋게 만들자!,슈퍼맨이 돌아왔다
,,
29,"[특급 게스트] 크러쉬·보라·이홍기, 반려견 위..",집사부일체
,,
30,다이어트 코디 김신영의 식단 (feat.홍선영 각..,미운 우리 새끼
,,
31,"“희철이?” 윤아, 의지하는 선배 물음에 빵 터짐..",미운 우리 새끼
,,
32,"“TV 나와도 돼” 양세형, 반려견 독희 자랑 뿜뿜..",집사부일체
,,
33,네가 좋아♥ ‘정세운’의 청량미 넘치는 컴백 무..,SBS 인기가요
,,
34,[카리스마 스앵님 등장] 개난장판 정리하러 온 ..,집사부일체
,,
35,"조하 남매, 엄마를 위한 서프라이즈 파티!",슈퍼맨이 돌아왔다
,,
36,"“좋은 훈련사가 되고 싶어서” 강형욱, 꿈을 위..",집사부일체
,,
37,'걸리버' 3라운드 무대 - Destiny(나의 지구),복면가왕
,,
38,"[3월 31일 예고] ‘이제 만나러 갑니다’ 강형욱,..",집사부일체
,,
39,"[울컥 주의] 빽가, 뇌종양 알고 엄마에게 말하..",미운 우리 새끼
,,
40,"다이어트 전문가 김신영, 황제다이어트하다 황..",미운 우리 새끼
,,
41,일루와 일루와♬ ‘마마무’의 다들 난리가 나 난 ..,SBS 인기가요
,,
42,"다이어트 쓰앵님 김신영, 클래스가 다른 ‘새벽 ..",미운 우리 새끼
,,
43,다시 태어난 우리 아빠! 애정도 테스트!,슈퍼맨이 돌아왔다
,,
44,"김종국 VS 하하, 동업자 전쟁 (feat. 변호사 문..",미운 우리 새끼
,,
45,[5회] 강민수&서민규 - 컨닝페이퍼 (Feat. 행주..,고등래퍼 3
,,
46,"하하패치, 살아있는 지라시 “김종국 LA에 딸 있..",미운 우리 새끼
,,
47,공주가 된 조아! 퍼레이드 도전!,슈퍼맨이 돌아왔다
,,
48,뉴트로 여신으로 컴백한 ‘다이아’의 복고 타임!..,SBS 인기가요
,,
49,핵폭탄급 중독성 장착! ‘모모랜드’의 컴백 무대..,SBS 인기가요
,,
50,"“내가 김종국 3사 대상 만들었다” 하하, 종국 ..",미운 우리 새끼
,,
51,"김종국·하하, 알고 보면 사기 많이 당한 ‘착한 ..",미운 우리 새끼
,,
52,[3월 31일 예고] 결국 파국으로 향하는 홍자매?,미운 우리 새끼
,,
53,"""섬뜩한 경호 수칙 위반""…""이전 정부도 똑같이 ..",MBC뉴스
,,
54,내가 주장이 될래요! 주장이 된 시안이,슈퍼맨이 돌아왔다
,,
55,"김건모·태진아·이무송, 갑작스러운 빽가 엄마 ..",미운 우리 새끼
,,
56,[심쿵 엔딩] 위기에 빠진 이하늬 구하는 흑기사..,열혈사제
,,
57,뽑기의 늪에 빠진 위기의 막내 주장 시안이!,슈퍼맨이 돌아왔다
,,
58,쿠라깜놀! 거미의 수준급 일본어＠0＠ (이 언니 ..,모두의주방
,,
59,다시 재회하게 된 박시후와 장희진! 애절한 키..,바벨
,,
60,"‘갑자기 분위기 머리 감기’ 전소민, 죄송한 시..",런닝맨
,,
61,설수대 핫도그를 둘러싼 갈등을 해결한 캡틴시..,슈퍼맨이 돌아왔다
,,
62,[5화 예고] 누군가가 칼에 찔렸다! 서서히 밝혀..,사이코메트리 그녀석
,,
63,"“즐거워?” 빽가 엄마, 갑툭튀 ‘장가 잔소리’",미운 우리 새끼
,,
64,"빽가, 건강 회복 후 김건모 만나 더 아프다?",미운 우리 새끼
,,
65,선공개)) 구남친이 던진 말 무슨 뜻임? [웹시트..,플레이리스트
,,
66,[5회] 송민재&이영지 - 오렌지 나무 @1차팀대항..,고등래퍼 3
,,
67,[5회] 하선호&김현성 - 변신 @1차팀대항전,고등래퍼 3
,,
68,"“이럴 거면 꼬챙이를 써!” 이광수, 인간 꼬챙이..",런닝맨
,,
69,박지훈 - L.O.V.E (Teaser),벅스(Bugs)
,,
70,"""쇼크로 쓰러져 죽을 뻔""…헬스장에 퍼진 '위험..",SBS뉴스
,,
71,LG vs KT H/L,2018-2019 SKT 5GX 프로농구
,,
72,"법조계 넘어 정치권으로? 김학의 재수사 파장, ..",JTBC뉴스
,,
73,Wanna One(워너원)_Kang daniel Solo Perf. + B..,2018 MAMA
,,
74,AF vs KZ 3세트,리그 오브 레전드 네이버스..
,,
75,"""어디서든 화장해드립니다""…차 지붕에선 '검은 ..",MBC뉴스
,,
76,4연승에 도전하는 '클림트' 가왕 방어전 무대 -..,복면가왕
,,
77,'걸리버' 2라운드 무대 - 그때 헤어지면 돼,복면가왕
,,
78,"유르스윌리스, 국민MC 다운 추리력 ‘암호 해독 ..",런닝맨
,,
79,사실 송재희가 ‘거산’ 후계자? 김해숙에게 밝히..,바벨
,,
80,"""학원 안 보내면 불안""…불안 근원은 '18번 바뀐..",SBS뉴스
,,
81,"오마이걸에 딱 맞는 노래 ＂사랑, 속도＂",전지적 참견 시점
,,
82,내가 왕이다! 권력의 맛을 알아버린 시안이?,슈퍼맨이 돌아왔다
,,
83,"정부기관 측량 믿고 건축했는데…""집 허물어라"" ..",JTBC뉴스
,,
84,＂뭐 안 묻었죠???＂ 허경환 심장 녹이는 채지안,호구의 연애
,,
85,[5회] 권영훈 - 생긴 대로 살아 (Feat. 기리보..,고등래퍼 3
,,
86,"“나 잡아” 이하늬, 김남길 도와주는 ‘구세주’",열혈사제
,,
87,[3월 24일 예고] 강아지들의 사부! 반려인들의 ..,집사부일체
,,
88,유희열은 모른다? 스카이 캐슬의 명곡 we all l..,유희열의 스케치북
,,
89,내 인생 망치러 온 구원자들 ‘투모로우 바이 투..,SBS 인기가요
,,
90,AF vs KZ 3세트 하이라이트,리그 오브 레전드 네이버스..
,,
91,[국가대표] '이목집중' 이강인에게 인터뷰를 시..,SPOTV NEWS(스포티비 뉴스)
,,
92,오늘 강다니엘의 임무는..? (feat. 질척 유사장..,커피프렌즈
,,
93,"유재석·양세찬, 돌출치아로 시선 강탈 ‘압도적 ..",런닝맨
,,
94,AF vs KZ 2세트,리그 오브 레전드 네이버스..
,,
95,'한 경기 두 맛' 7회를 기점으로 모든 것이 바..,KBO리그 두산 홈경기 영상
,,
96,송재희 “왜 죽였어! 왜!” 김해숙의 최후...,바벨
,,
97,"소주 광고 적임자 소이현, 원래 소주는 엄마들..",아는 형님
,,
98,"[비하인드 뉴스] 나경원 ""반민특위 아닌 반문특..",JTBC뉴스
,,
99,"“미안하다” 백호, 반전 돋는 ‘웨카’ 당황!",김병만의 정글의 법칙
,,
100,살벌한 뉴욕 지하철…'묻지마 폭행' 당한 70대 ..,TV조선 뉴스
,,
